{
  "User": {
    "UserName": "username",
    "PassWord": "password",
    "PocketToken": "GsT2QmMV8NhTX5VJ55jM3eLG81+rBgj2TOyO0rq1CXCYyw+zL/GJAA==",
    "TokenUpdate": "2018-09-05T19:38:41.1700673+08:00"
  },
  "IMEI": "",
  "ShortDelay": 10000,
  "LongDelay": 25000,
  "AutoStart": false,
  "CoolQAir": true,
  "IdolInfo": [
    {
      "IdolName": "冯思佳",
      "RoomId": 5771876,
      "Delay": 25000,
      "ShortDelay": 5000,
      "LongDelay": 25000,
      "TransmitText": true,
      "TransmitImage": true,
      "TransmitAudio": true,
      "TransmitVideo": true,
      "TransmitFanpai": true,
      "TransmitFlip": true,
      "TransmitLive": true,
      "TransmitGift": true,
      "UpdateTime": "2018-09-08T14:19:02.9807806+08:00",
      "First": true,
      "LastTime": 1536326026238,
      "Proxy": null,
      "QQGroups": [
        627996558
      ],
      "CountInfo": null
    },
    {
      "IdolName": "李星羽",
      "RoomId": 25482881,
      "Delay": 25000,
      "ShortDelay": 5000,
      "LongDelay": 25000,
      "TransmitText": true,
      "TransmitImage": true,
      "TransmitAudio": true,
      "TransmitVideo": true,
      "TransmitFanpai": true,
      "TransmitFlip": true,
      "TransmitLive": true,
      "TransmitGift": true,
      "UpdateTime": "2018-09-08T14:19:16.8533668+08:00",
      "First": true,
      "LastTime": 1536338004646,
      "Proxy": null,
      "QQGroups": [
        627996558
      ],
      "CountInfo": null
    },
    {
      "IdolName": "徐诗琪",
      "RoomId": 5771880,
      "Delay": 25000,
      "ShortDelay": 5000,
      "LongDelay": 25000,
      "TransmitText": true,
      "TransmitImage": true,
      "TransmitAudio": true,
      "TransmitVideo": true,
      "TransmitFanpai": true,
      "TransmitFlip": true,
      "TransmitLive": true,
      "TransmitGift": true,
      "UpdateTime": "2018-09-08T14:18:50.7439089+08:00",
      "First": true,
      "LastTime": 1536340040748,
      "Proxy": null,
      "QQGroups": [
        627996558
      ],
      "CountInfo": null
    }
  ]
}